{
  "model_version": "20250921_003513",
  "timestamp": "2025-09-21T00:35:20.575819",
  "feature_names": [
    "sepal length (cm)",
    "sepal width (cm)",
    "petal length (cm)",
    "petal width (cm)"
  ],
  "metrics": {
    "accuracy": 0.9666666666666667,
    "cv_mean": 0.9333333333333333,
    "cv_std": 0.08164965809277258,
    "cv_scores": [
      1.0,
      1.0,
      1.0,
      0.8333333333333334,
      0.8333333333333334
    ]
  },
  "model_type": "RandomForestClassifier",
  "n_estimators": 100,
  "max_depth": 3
}