{
  "sepal length (cm)": 0.11430735842443468,
  "sepal width (cm)": 0.005763960940459835,
  "petal length (cm)": 0.4403377925275046,
  "petal width (cm)": 0.439590888107601
}